{
  "experiment": "04_query/hyde",
  "description": "HyDE query rewriting over hybrid RRF retrieval with semantic chunking.\n",
  "timestamp": "2026-04-25T13:06:43.672848+00:00",
  "config": {
    "name": "04_query/hyde",
    "description": "HyDE query rewriting over hybrid RRF retrieval with semantic chunking.\n",
    "chunker": {
      "algorithm": "semantic",
      "chunk_size": 500,
      "chunk_overlap": 50,
      "context_aware": false,
      "threshold": 0.75,
      "min_chunk_size": 100,
      "window_size": 5
    },
    "retriever": {
      "mode": "hybrid",
      "rrf_k": 60
    },
    "reranker": {
      "enabled": true,
      "method": "cross_encoder"
    },
    "query": {
      "ner": false,
      "hyde": true,
      "multi_query": false
    },
    "generation": {
      "cot": false,
      "few_shot": false,
      "budget_forcing": false,
      "max_tokens": 256
    },
    "eval": {
      "gold_set_path": "data/eval/gold_set_v1.jsonl",
      "k_primary": 10,
      "k_recall": 100
    }
  },
  "aggregate": {
    "recall@10": 0.925,
    "precision@10": 0.09700000000000002,
    "mrr": 0.9021388888888889,
    "map@10": 0.8641388888888889,
    "ndcg@10": 0.8869574937806359,
    "recall@100": 0.96
  },
  "by_library": {
    "accelerate": {
      "recall@10": 0.8333333333333334,
      "precision@10": 0.10000000000000002,
      "mrr": 1.0,
      "map@10": 0.8333333333333334,
      "ndcg@10": 0.8710490642551528,
      "recall@100": 0.8333333333333334
    },
    "transformers": {
      "recall@10": 0.9262295081967213,
      "precision@10": 0.09672131147540984,
      "mrr": 0.8641621129326047,
      "map@10": 0.8346539162112933,
      "ndcg@10": 0.8624955877611524,
      "recall@100": 0.9672131147540983
    },
    "peft": {
      "recall@10": 0.9166666666666666,
      "precision@10": 0.10000000000000002,
      "mrr": 0.9166666666666666,
      "map@10": 0.8333333333333334,
      "ndcg@10": 0.874012824389486,
      "recall@100": 0.9166666666666666
    },
    "datasets": {
      "recall@10": 1.0,
      "precision@10": 0.1,
      "mrr": 1.0,
      "map@10": 1.0,
      "ndcg@10": 1.0,
      "recall@100": 1.0
    },
    "diffusers": {
      "recall@10": 0.9166666666666666,
      "precision@10": 0.09444444444444446,
      "mrr": 0.9444444444444444,
      "map@10": 0.9166666666666666,
      "ndcg@10": 0.9229526218203034,
      "recall@100": 0.9722222222222222
    }
  },
  "by_difficulty": {
    "easy": {
      "recall@10": 1.0,
      "precision@10": 0.1,
      "mrr": 0.9313973063973063,
      "map@10": 0.9313973063973063,
      "ndcg@10": 0.9468916553339748,
      "recall@100": 1.0
    },
    "medium": {
      "recall@10": 0.9393939393939394,
      "precision@10": 0.09696969696969697,
      "mrr": 0.9050505050505051,
      "map@10": 0.8747474747474747,
      "ndcg@10": 0.896978307074089,
      "recall@100": 0.9848484848484849
    },
    "hard": {
      "recall@10": 0.8382352941176471,
      "precision@10": 0.09411764705882353,
      "mrr": 0.8709150326797386,
      "map@10": 0.788562091503268,
      "ndcg@10": 0.8190600181940436,
      "recall@100": 0.8970588235294118
    }
  },
  "latency": {
    "encoding": {
      "mean_ms": 83.60689322993949,
      "p50_ms": 82.7931869994245,
      "p95_ms": 87.99795000049926,
      "n": 100
    },
    "search": {
      "mean_ms": 1791.485940119951,
      "p50_ms": 1807.1199920004801,
      "p95_ms": 1871.7207850004343,
      "n": 100
    },
    "total": {
      "mean_ms": 1875.0928333498905,
      "p50_ms": 1891.9933430001947,
      "p95_ms": 1953.5643889989842,
      "n": 100
    }
  },
  "reranker_latency": {
    "mean_ms": 5970.254138240011,
    "p50_ms": 5165.802132999943,
    "p95_ms": 11725.293960999807,
    "n": 100
  },
  "query_rewriting": {
    "hyde": {
      "method": "hyde",
      "latency": {
        "mean_ms": 6343.369382009996,
        "p50_ms": 6964.7856510000565,
        "p95_ms": 7124.934044999918,
        "n": 100
      },
      "mean_input_tokens": 121.23,
      "mean_output_tokens": 180.0,
      "mean_n_variants": 1.0,
      "mean_diversity": 0.9044992037696289,
      "n": 100
    }
  }
}