{
  "experiment": "03_reranking/colbert",
  "description": "ColBERT reranking over hybrid RRF retrieval with semantic chunking. Measures NDCG@10 gain and reranker latency cost against the no-reranker baseline.\n",
  "timestamp": "2026-04-25T12:41:23.037914+00:00",
  "config": {
    "name": "03_reranking/colbert",
    "description": "ColBERT reranking over hybrid RRF retrieval with semantic chunking. Measures NDCG@10 gain and reranker latency cost against the no-reranker baseline.\n",
    "chunker": {
      "algorithm": "semantic",
      "chunk_size": 500,
      "chunk_overlap": 50,
      "context_aware": false,
      "threshold": 0.75,
      "min_chunk_size": 100,
      "window_size": 5
    },
    "retriever": {
      "mode": "hybrid",
      "rrf_k": 60
    },
    "reranker": {
      "enabled": true,
      "method": "colbert"
    },
    "query": {
      "ner": false,
      "hyde": false,
      "multi_query": false
    },
    "generation": {
      "cot": false,
      "few_shot": false,
      "budget_forcing": false,
      "max_tokens": 256
    },
    "eval": {
      "gold_set_path": "data/eval/gold_set_v1.jsonl",
      "k_primary": 10,
      "k_recall": 100
    }
  },
  "aggregate": {
    "recall@10": 0.88,
    "precision@10": 0.09200000000000001,
    "mrr": 0.7376190476190476,
    "map@10": 0.7142797619047618,
    "ndcg@10": 0.7607652730317871,
    "recall@100": 0.955
  },
  "by_library": {
    "accelerate": {
      "recall@10": 0.8333333333333334,
      "precision@10": 0.10000000000000002,
      "mrr": 0.8666666666666667,
      "map@10": 0.7666666666666666,
      "ndcg@10": 0.8083908175891258,
      "recall@100": 0.8333333333333334
    },
    "transformers": {
      "recall@10": 0.8852459016393442,
      "precision@10": 0.0918032786885246,
      "mrr": 0.7274785323965651,
      "map@10": 0.7084211553473849,
      "ndcg@10": 0.7568964607527235,
      "recall@100": 0.9590163934426229
    },
    "peft": {
      "recall@10": 0.9166666666666666,
      "precision@10": 0.10000000000000002,
      "mrr": 0.4976190476190476,
      "map@10": 0.4857142857142857,
      "ndcg@10": 0.5925830486213031,
      "recall@100": 0.9166666666666666
    },
    "datasets": {
      "recall@10": 0.8888888888888888,
      "precision@10": 0.08888888888888889,
      "mrr": 0.8148148148148148,
      "map@10": 0.8148148148148148,
      "ndcg@10": 0.8333333333333334,
      "recall@100": 1.0
    },
    "diffusers": {
      "recall@10": 0.8611111111111112,
      "precision@10": 0.08888888888888889,
      "mrr": 0.7703703703703704,
      "map@10": 0.7425925925925926,
      "ndcg@10": 0.7777777777777778,
      "recall@100": 0.9722222222222222
    }
  },
  "by_difficulty": {
    "easy": {
      "recall@10": 0.9393939393939394,
      "precision@10": 0.09393939393939395,
      "mrr": 0.7747474747474747,
      "map@10": 0.7747474747474747,
      "ndcg@10": 0.8160107388583749,
      "recall@100": 1.0
    },
    "medium": {
      "recall@10": 0.9090909090909091,
      "precision@10": 0.09393939393939395,
      "mrr": 0.7038600288600289,
      "map@10": 0.6856782106782107,
      "ndcg@10": 0.7437210628790745,
      "recall@100": 0.9848484848484849
    },
    "hard": {
      "recall@10": 0.7941176470588235,
      "precision@10": 0.08823529411764706,
      "mrr": 0.7343487394957983,
      "map@10": 0.6833508403361345,
      "ndcg@10": 0.7236875837012613,
      "recall@100": 0.8823529411764706
    }
  },
  "latency": {
    "encoding": {
      "mean_ms": 44.192840410005374,
      "p50_ms": 40.99043900009747,
      "p95_ms": 43.50075600018499,
      "n": 100
    },
    "search": {
      "mean_ms": 743.4378779999747,
      "p50_ms": 749.9893860001521,
      "p95_ms": 791.9318749998183,
      "n": 100
    },
    "total": {
      "mean_ms": 787.6307184099801,
      "p50_ms": 792.6922490000834,
      "p95_ms": 833.2191859999512,
      "n": 100
    }
  },
  "reranker_latency": {
    "mean_ms": 2968.3103064800184,
    "p50_ms": 3030.1481690000855,
    "p95_ms": 3115.1570310000807,
    "n": 100
  },
  "query_rewriting": {}
}